dataset,method,backbone,split,seed,tag,method_label,test_acc,best_epoch,checkpoint
office_home,arm,resnet18,Art,0,,arm,54.47053976102184,24,outputs/paper30_r18/office_home_Art_arm_resnet18_seed0_best.pth
office_home,coral,resnet18,Art,0,,coral,55.45941491553358,22,outputs/paper30_r18/office_home_Art_coral_resnet18_seed0_best.pth
office_home,eqrm,resnet18,Art,0,,eqrm,56.07746188710342,28,outputs/paper30_r18/office_home_Art_eqrm_resnet18_seed0_best.pth
office_home,erm,resnet18,Art,0,,erm,56.118665018541414,22,outputs/paper30_r18/office_home_Art_erm_resnet18_seed0_best.pth
office_home,m2,resnet18,Art,0,,m2,52.65760197775031,30,outputs/paper30_r18/office_home_Art_m2_resnet18_seed0_best.pth
office_home,m2cl,resnet18,Art,0,,m2cl,54.429336629583844,30,outputs/paper30_r18/office_home_Art_m2cl_resnet18_seed0_best.pth
office_home,mixup,resnet18,Art,0,,mixup,56.36588380716935,26,outputs/paper30_r18/office_home_Art_mixup_resnet18_seed0_best.pth
office_home,mmd,resnet18,Art,0,,mmd,55.66543057272353,24,outputs/paper30_r18/office_home_Art_mmd_resnet18_seed0_best.pth
office_home,rsc,resnet18,Art,0,,rsc,55.99505562422744,29,outputs/paper30_r18/office_home_Art_rsc_resnet18_seed0_best.pth
office_home,sagm,resnet18,Art,0,,sagm,55.78903996703749,29,outputs/paper30_r18/office_home_Art_sagm_resnet18_seed0_best.pth
office_home,sagnet,resnet18,Art,0,,sagnet,55.74783683559951,20,outputs/paper30_r18/office_home_Art_sagnet_resnet18_seed0_best.pth
office_home,selfreg,resnet18,Art,0,,selfreg,57.56077461887104,26,outputs/paper30_r18/office_home_Art_selfreg_resnet18_seed0_best.pth
office_home,arm,resnet18,Clipart,0,,arm,48.45360824742268,23,outputs/paper30_r18/office_home_Clipart_arm_resnet18_seed0_best.pth
office_home,coral,resnet18,Clipart,0,,coral,49.39289805269187,28,outputs/paper30_r18/office_home_Clipart_coral_resnet18_seed0_best.pth
office_home,eqrm,resnet18,Clipart,0,,eqrm,48.33906071019473,29,outputs/paper30_r18/office_home_Clipart_eqrm_resnet18_seed0_best.pth
office_home,erm,resnet18,Clipart,0,,erm,47.88087056128293,19,outputs/paper30_r18/office_home_Clipart_erm_resnet18_seed0_best.pth
office_home,m2,resnet18,Clipart,0,,m2,47.90378006872852,22,outputs/paper30_r18/office_home_Clipart_m2_resnet18_seed0_best.pth
office_home,m2cl,resnet18,Clipart,0,,m2cl,46.87285223367697,14,outputs/paper30_r18/office_home_Clipart_m2cl_resnet18_seed0_best.pth
office_home,mixup,resnet18,Clipart,0,,mixup,49.805269186712486,24,outputs/paper30_r18/office_home_Clipart_mixup_resnet18_seed0_best.pth
office_home,mmd,resnet18,Clipart,0,,mmd,48.52233676975945,26,outputs/paper30_r18/office_home_Clipart_mmd_resnet18_seed0_best.pth
office_home,rsc,resnet18,Clipart,0,,rsc,46.09392898052692,19,outputs/paper30_r18/office_home_Clipart_rsc_resnet18_seed0_best.pth
office_home,sagm,resnet18,Clipart,0,,sagm,46.506300114547535,30,outputs/paper30_r18/office_home_Clipart_sagm_resnet18_seed0_best.pth
office_home,sagnet,resnet18,Clipart,0,,sagnet,47.743413516609394,20,outputs/paper30_r18/office_home_Clipart_sagnet_resnet18_seed0_best.pth
office_home,selfreg,resnet18,Clipart,0,,selfreg,49.69072164948454,30,outputs/paper30_r18/office_home_Clipart_selfreg_resnet18_seed0_best.pth
office_home,arm,resnet18,Product,0,,arm,71.14214913268754,20,outputs/paper30_r18/office_home_Product_arm_resnet18_seed0_best.pth
office_home,coral,resnet18,Product,0,,coral,71.75039423293535,26,outputs/paper30_r18/office_home_Product_coral_resnet18_seed0_best.pth
office_home,eqrm,resnet18,Product,0,,eqrm,71.57017346249155,26,outputs/paper30_r18/office_home_Product_eqrm_resnet18_seed0_best.pth
office_home,erm,resnet18,Product,0,,erm,72.47127731471052,29,outputs/paper30_r18/office_home_Product_erm_resnet18_seed0_best.pth
office_home,m2,resnet18,Product,0,,m2,69.63280018022077,30,outputs/paper30_r18/office_home_Product_m2_resnet18_seed0_best.pth
office_home,m2cl,resnet18,Product,0,,m2cl,67.76300968686641,19,outputs/paper30_r18/office_home_Product_m2cl_resnet18_seed0_best.pth
office_home,mixup,resnet18,Product,0,,mixup,70.87181797702186,29,outputs/paper30_r18/office_home_Product_mixup_resnet18_seed0_best.pth
office_home,mmd,resnet18,Product,0,,mmd,71.68281144401892,26,outputs/paper30_r18/office_home_Product_mmd_resnet18_seed0_best.pth
office_home,rsc,resnet18,Product,0,,rsc,70.84929038071638,29,outputs/paper30_r18/office_home_Product_rsc_resnet18_seed0_best.pth
office_home,sagm,resnet18,Product,0,,sagm,71.16467672899302,29,outputs/paper30_r18/office_home_Product_sagm_resnet18_seed0_best.pth
office_home,sagnet,resnet18,Product,0,,sagnet,71.7053390403244,18,outputs/paper30_r18/office_home_Product_sagnet_resnet18_seed0_best.pth
office_home,selfreg,resnet18,Product,0,,selfreg,72.42622212209957,26,outputs/paper30_r18/office_home_Product_selfreg_resnet18_seed0_best.pth
office_home,arm,resnet18,RealWorld,0,,arm,73.78930456736286,29,outputs/paper30_r18/office_home_RealWorld_arm_resnet18_seed0_best.pth
office_home,coral,resnet18,RealWorld,0,,coral,73.2843699793436,29,outputs/paper30_r18/office_home_RealWorld_coral_resnet18_seed0_best.pth
office_home,eqrm,resnet18,RealWorld,0,,eqrm,72.94009639660317,28,outputs/paper30_r18/office_home_RealWorld_eqrm_resnet18_seed0_best.pth
office_home,erm,resnet18,RealWorld,0,,erm,73.58274041771861,29,outputs/paper30_r18/office_home_RealWorld_erm_resnet18_seed0_best.pth
office_home,m2,resnet18,RealWorld,0,,m2,71.42529263254534,29,outputs/paper30_r18/office_home_RealWorld_m2_resnet18_seed0_best.pth
office_home,m2cl,resnet18,RealWorld,0,,m2cl,69.54326371356437,28,outputs/paper30_r18/office_home_RealWorld_m2cl_resnet18_seed0_best.pth
office_home,mixup,resnet18,RealWorld,0,,mixup,73.60569198990132,25,outputs/paper30_r18/office_home_RealWorld_mixup_resnet18_seed0_best.pth
office_home,mmd,resnet18,RealWorld,0,,mmd,73.19256369061281,29,outputs/paper30_r18/office_home_RealWorld_mmd_resnet18_seed0_best.pth
office_home,rsc,resnet18,RealWorld,0,,rsc,72.32040394767041,29,outputs/paper30_r18/office_home_RealWorld_rsc_resnet18_seed0_best.pth
office_home,sagm,resnet18,RealWorld,0,,sagm,73.14666054624742,29,outputs/paper30_r18/office_home_RealWorld_sagm_resnet18_seed0_best.pth
office_home,sagnet,resnet18,RealWorld,0,,sagnet,73.16961211843011,27,outputs/paper30_r18/office_home_RealWorld_sagnet_resnet18_seed0_best.pth
office_home,selfreg,resnet18,RealWorld,0,,selfreg,73.72044985081479,23,outputs/paper30_r18/office_home_RealWorld_selfreg_resnet18_seed0_best.pth
vlcs,arm,resnet18,CALTECH,0,,arm,95.86276488395559,10,outputs/paper30_r18/vlcs_CALTECH_arm_resnet18_seed0_best.pth
vlcs,coral,resnet18,CALTECH,0,,coral,95.15640766902119,12,outputs/paper30_r18/vlcs_CALTECH_coral_resnet18_seed0_best.pth
vlcs,eqrm,resnet18,CALTECH,0,,eqrm,96.16548940464178,10,outputs/paper30_r18/vlcs_CALTECH_eqrm_resnet18_seed0_best.pth
vlcs,erm,resnet18,CALTECH,0,,erm,96.87184661957619,8,outputs/paper30_r18/vlcs_CALTECH_erm_resnet18_seed0_best.pth
vlcs,m2,resnet18,CALTECH,0,,m2,96.06458123107971,4,outputs/paper30_r18/vlcs_CALTECH_m2_resnet18_seed0_best.pth
vlcs,m2cl,resnet18,CALTECH,0,,m2cl,96.16548940464178,4,outputs/paper30_r18/vlcs_CALTECH_m2cl_resnet18_seed0_best.pth
vlcs,mixup,resnet18,CALTECH,0,,mixup,93.4409687184662,27,outputs/paper30_r18/vlcs_CALTECH_mixup_resnet18_seed0_best.pth
vlcs,mmd,resnet18,CALTECH,0,,mmd,97.27547931382442,8,outputs/paper30_r18/vlcs_CALTECH_mmd_resnet18_seed0_best.pth
vlcs,rsc,resnet18,CALTECH,0,,rsc,97.67911200807265,9,outputs/paper30_r18/vlcs_CALTECH_rsc_resnet18_seed0_best.pth
vlcs,sagm,resnet18,CALTECH,0,,sagm,96.3673057517659,21,outputs/paper30_r18/vlcs_CALTECH_sagm_resnet18_seed0_best.pth
vlcs,sagnet,resnet18,CALTECH,0,,sagnet,95.76185671039354,6,outputs/paper30_r18/vlcs_CALTECH_sagnet_resnet18_seed0_best.pth
vlcs,selfreg,resnet18,CALTECH,0,,selfreg,92.53279515640767,15,outputs/paper30_r18/vlcs_CALTECH_selfreg_resnet18_seed0_best.pth
vlcs,arm,resnet18,LABELME,0,,arm,60.19365250134481,24,outputs/paper30_r18/vlcs_LABELME_arm_resnet18_seed0_best.pth
vlcs,coral,resnet18,LABELME,0,,coral,60.7315761161915,18,outputs/paper30_r18/vlcs_LABELME_coral_resnet18_seed0_best.pth
vlcs,eqrm,resnet18,LABELME,0,,eqrm,60.570199031737495,18,outputs/paper30_r18/vlcs_LABELME_eqrm_resnet18_seed0_best.pth
vlcs,erm,resnet18,LABELME,0,,erm,65.03496503496503,18,outputs/paper30_r18/vlcs_LABELME_erm_resnet18_seed0_best.pth
vlcs,m2,resnet18,LABELME,0,,m2,60.946745562130175,8,outputs/paper30_r18/vlcs_LABELME_m2_resnet18_seed0_best.pth
vlcs,m2cl,resnet18,LABELME,0,,m2cl,65.19634211941904,26,outputs/paper30_r18/vlcs_LABELME_m2cl_resnet18_seed0_best.pth
vlcs,mixup,resnet18,LABELME,0,,mixup,60.24744486282948,25,outputs/paper30_r18/vlcs_LABELME_mixup_resnet18_seed0_best.pth
vlcs,mmd,resnet18,LABELME,0,,mmd,60.62399139322216,18,outputs/paper30_r18/vlcs_LABELME_mmd_resnet18_seed0_best.pth
vlcs,rsc,resnet18,LABELME,0,,rsc,66.32598171059709,25,outputs/paper30_r18/vlcs_LABELME_rsc_resnet18_seed0_best.pth
vlcs,sagm,resnet18,LABELME,0,,sagm,66.21839698762776,14,outputs/paper30_r18/vlcs_LABELME_sagm_resnet18_seed0_best.pth
vlcs,sagnet,resnet18,LABELME,0,,sagnet,61.21570736955352,17,outputs/paper30_r18/vlcs_LABELME_sagnet_resnet18_seed0_best.pth
vlcs,selfreg,resnet18,LABELME,0,,selfreg,62.56051640667025,21,outputs/paper30_r18/vlcs_LABELME_selfreg_resnet18_seed0_best.pth
vlcs,arm,resnet18,PASCAL,0,,arm,72.8311468472281,8,outputs/paper30_r18/vlcs_PASCAL_arm_resnet18_seed0_best.pth
vlcs,coral,resnet18,PASCAL,0,,coral,65.00211595429539,8,outputs/paper30_r18/vlcs_PASCAL_coral_resnet18_seed0_best.pth
vlcs,eqrm,resnet18,PASCAL,0,,eqrm,64.66356326703342,8,outputs/paper30_r18/vlcs_PASCAL_eqrm_resnet18_seed0_best.pth
vlcs,erm,resnet18,PASCAL,0,,erm,71.60389335590351,7,outputs/paper30_r18/vlcs_PASCAL_erm_resnet18_seed0_best.pth
vlcs,m2,resnet18,PASCAL,0,,m2,72.91578501904358,5,outputs/paper30_r18/vlcs_PASCAL_m2_resnet18_seed0_best.pth
vlcs,m2cl,resnet18,PASCAL,0,,m2cl,73.76216673719847,8,outputs/paper30_r18/vlcs_PASCAL_m2cl_resnet18_seed0_best.pth
vlcs,mixup,resnet18,PASCAL,0,,mixup,69.86881083368598,15,outputs/paper30_r18/vlcs_PASCAL_mixup_resnet18_seed0_best.pth
vlcs,mmd,resnet18,PASCAL,0,,mmd,65.21371138383411,8,outputs/paper30_r18/vlcs_PASCAL_mmd_resnet18_seed0_best.pth
vlcs,rsc,resnet18,PASCAL,0,,rsc,72.74650867541261,16,outputs/paper30_r18/vlcs_PASCAL_rsc_resnet18_seed0_best.pth
vlcs,sagm,resnet18,PASCAL,0,,sagm,71.34997884045706,7,outputs/paper30_r18/vlcs_PASCAL_sagm_resnet18_seed0_best.pth
vlcs,sagnet,resnet18,PASCAL,0,,sagnet,71.90012695725773,12,outputs/paper30_r18/vlcs_PASCAL_sagnet_resnet18_seed0_best.pth
vlcs,selfreg,resnet18,PASCAL,0,,selfreg,72.1540414727042,29,outputs/paper30_r18/vlcs_PASCAL_selfreg_resnet18_seed0_best.pth
vlcs,arm,resnet18,SUN,0,,arm,70.65737919024815,15,outputs/paper30_r18/vlcs_SUN_arm_resnet18_seed0_best.pth
vlcs,coral,resnet18,SUN,0,,coral,70.65737919024815,30,outputs/paper30_r18/vlcs_SUN_coral_resnet18_seed0_best.pth
vlcs,eqrm,resnet18,SUN,0,,eqrm,70.43970396168916,30,outputs/paper30_r18/vlcs_SUN_eqrm_resnet18_seed0_best.pth
vlcs,erm,resnet18,SUN,0,,erm,71.6151501959077,11,outputs/paper30_r18/vlcs_SUN_erm_resnet18_seed0_best.pth
vlcs,m2,resnet18,SUN,0,,m2,71.9634305616021,9,outputs/paper30_r18/vlcs_SUN_m2_resnet18_seed0_best.pth
vlcs,m2cl,resnet18,SUN,0,,m2cl,71.04919460165434,4,outputs/paper30_r18/vlcs_SUN_m2cl_resnet18_seed0_best.pth
vlcs,mixup,resnet18,SUN,0,,mixup,74.35785807575098,17,outputs/paper30_r18/vlcs_SUN_mixup_resnet18_seed0_best.pth
vlcs,mmd,resnet18,SUN,0,,mmd,70.48323900740095,30,outputs/paper30_r18/vlcs_SUN_mmd_resnet18_seed0_best.pth
vlcs,rsc,resnet18,SUN,0,,rsc,73.53069220722682,11,outputs/paper30_r18/vlcs_SUN_rsc_resnet18_seed0_best.pth
vlcs,sagm,resnet18,SUN,0,,sagm,71.13626469307793,15,outputs/paper30_r18/vlcs_SUN_sagm_resnet18_seed0_best.pth
vlcs,sagnet,resnet18,SUN,0,,sagnet,69.612538093165,11,outputs/paper30_r18/vlcs_SUN_sagnet_resnet18_seed0_best.pth
vlcs,selfreg,resnet18,SUN,0,,selfreg,70.26556377884197,18,outputs/paper30_r18/vlcs_SUN_selfreg_resnet18_seed0_best.pth
